year,population
1950,37894.671
1951,38706.399
1952,39489.861
1953,40292.411
1954,41149.83
1955,42086.305
1956,43113.922
1957,44233.217
1958,45434.542
1959,46700.569
1960,48013.505
1961,49362.834
1962,50752.15
1963,52202.008
1964,53741.721
1965,55385.114
1966,57157.651
1967,59034.25
1968,60918.452
1969,62679.765
1970,64232.486
1971,65531.635
1972,66625.706
1973,67637.541
1974,68742.222
1975,70066.31
1976,71652.386
1977,73463.593
1978,75450.033
1979,77529.04
1980,79639.498
1981,81767.516
1982,83932.132
1983,86142.49
1984,88416.529
1985,90764.18
1986,93187.593
1987,95671.159
1988,98186.35
1989,100695.496
1990,103171.957
1991,105599.125
1992,107983.708
1993,110350.641
1994,112737.684
1995,115169.933
1996,117649.927
1997,120160.571
1998,122682.818
1999,125189.655
2000,127657.862
2001,130088.709
2002,132478.077
2003,134791.598
2004,136986.429
2005,139035.505
2006,140921.154
2007,142660.381
2008,144304.164
2009,145924.795
2010,147575.433
2011,149273.134
2012,151005.733
2013,152761.413
2014,154517.385
2015,156256.287
2016,157977.151
2017,159685.421
2018,161376.713
2019,163046.173
2020,164689.383
2021,166303.494
2022,167885.68
2023,169431.797
2024,170937.444
2025,172399.074
2026,173813.766
2027,175180.164
2028,176498.329
2029,177769.4
2030,178993.87
2031,180171.132
2032,181299.543
2033,182377.419
2034,183402.763
2035,184374.132
2036,185290.677
2037,186152.469
2038,186960.086
2039,187714.581
2040,188416.728
2041,189066.449
2042,189663.457
2043,190208.136
2044,190700.981
2045,191142.277
2046,191532.352
2047,191871.025
2048,192157.306
2049,192389.849
2050,192567.779
2051,192690.991
2052,192760.025
2053,192775.45
2054,192738.073
2055,192648.702
2056,192507.883
2057,192316.133
2058,192074.156
2059,191782.759
2060,191442.78
2061,191055.075
2062,190620.637
2063,190140.66
2064,189616.468
2065,189049.339
2066,188440.359
2067,187790.621
2068,187101.493
2069,186374.39
2070,185610.648
2071,184811.534
2072,183978.099
2073,183111.361
2074,182212.228
2075,181281.711
2076,180320.909
2077,179331.03
2078,178313.248
2079,177268.761
2080,176198.774
2081,175104.554
2082,173987.283
2083,172847.911
2084,171687.35
2085,170506.629
2086,169306.903
2087,168089.627
2088,166856.595
2089,165609.782
2090,164351.024
2091,163081.808
2092,161803.423
2093,160517.002
2094,159223.639
2095,157924.517
2096,156620.931
2097,155314.327
2098,154006.298
2099,152698.574
2100,151393.018
2020,164689.383
2021,166539.068
2022,168427.91
2023,170340.006
2024,172262.258
2025,174184.337
2026,176098.845
2027,178001.129
2028,179889.001
2029,181762.06
2030,183619.914
2031,185460.237
2032,187277.033
2033,189059.976
2034,190796.423
2035,192477.453
2036,194098.676
2037,195662.377
2038,197174.962
2039,198646.54
2040,200085.063
2041,201491.927
2042,202866.411
2043,204211.927
2044,205532.186
2045,206829.887
2046,208106.751
2047,209362.84
2048,210596.906
2049,211806.649
2050,212990.168
2051,214147.249
2052,215277.863
2053,216380.349
2054,217452.666
2055,218493.197
2056,219501.423
2057,220477.142
2058,221419.47
2059,222327.571
2060,223200.992
2061,224039.724
2062,224844.342
2063,225615.83
2064,226355.555
2065,227064.937
2066,227744.787
2067,228396.21
2068,229021.356
2069,229622.732
2070,230202.521
2071,230762.248
2072,231302.977
2073,231826.124
2074,232333.03
2075,232824.965
2076,233303.059
2077,233768.45
2078,234222.262
2079,234665.597
2080,235099.438
2081,235524.833
2082,235942.462
2083,236352.492
2084,236754.729
2085,237149.295
2086,237536.677
2087,237917.791
2088,238293.687
2089,238665.604
2090,239034.599
2091,239401.456
2092,239766.737
2093,240130.867
2094,240494.207
2095,240857.226
2096,241220.487
2097,241584.683
2098,241950.643
2099,242319.321
2100,242691.824
2020,164689.383
2021,166081.328
2022,167360.497
2023,168537.089
2024,169619.375
2025,170613.808
2026,171524.892
2027,172355.244
2028,173105.924
2029,173776.776
2030,174367.811
2031,174880.558
2032,175319.265
2033,175691.447
2034,176006.365
2035,176270.799
2036,176488.087
2037,176657.186
2038,176774.721
2039,176835.001
2040,176833.633
2041,176770.04
2042,176645.167
2043,176457.903
2044,176207.128
2045,175891.978
2046,175512.177
2047,175067.472
2048,174557.158
2049,173980.518
2050,173337.329
2051,172627.693
2052,171852.604
2053,171013.902
2054,170114.03
2055,169155.176
2056,168138.667
2057,167065.601
2058,165937.737
2059,164756.955
2060,163525.071
2061,162243.608
2062,160914.039
2063,159538.033
2064,158117.29
2065,156653.412
2066,155147.877
2067,153602.031
2068,152017.123
2069,150394.319
2070,148734.772
2071,147039.857
2072,145310.798
2073,143548.666
2074,141754.379
2075,139928.972
2076,138073.712
2077,136189.954
2078,134278.909
2079,132341.824
2080,130380.012
2081,128394.925
2082,126388.086
2083,124360.896
2084,122314.778
2085,120251.253
2086,118171.924
2087,116078.624
2088,113973.502
2089,111858.922
2090,109737.095
2091,107610.054
2092,105479.623
2093,103347.575
2094,101215.637
2095,99085.653
2096,96959.592
2097,94839.548
2098,92727.768
2099,90626.655
2100,88538.725
2020,164689.383
2021,166410.25
2022,168133.717
2023,169854.674
2024,171568.489
2025,173271.002
2026,174958.558
2027,176627.985
2028,178276.545
2029,179901.9
2030,181501.952
2031,183074.641
2032,184617.83
2033,186129.224
2034,187606.548
2035,189048.086
2036,190452.328
2037,191818.946
2038,193148.977
2039,194444.308
2040,195706.349
2041,196935.072
2042,198129.898
2043,199291.063
2044,200418.778
2045,201513.132
2046,202574.218
2047,203601.824
2048,204595.45
2049,205554.352
2050,206477.966
2051,207366.115
2052,208218.724
2053,209035.477
2054,209815.943
2055,210559.878
2056,211267.336
2057,211938.421
2058,212572.996
2059,213170.915
2060,213732.252
2061,214257.263
2062,214746.595
2063,215201.225
2064,215622.401
2065,216011.26
2066,216368.65
2067,216695.32
2068,216992.367
2069,217260.939
2070,217502.179
2071,217717.042
2072,217906.505
2073,218071.713
2074,218213.927
2075,218334.253
2076,218433.759
2077,218513.301
2078,218573.666
2079,218615.516
2080,218639.584
2081,218646.8
2082,218638.138
2083,218614.435
2084,218576.544
2085,218525.352
2086,218461.723
2087,218386.626
2088,218301.229
2089,218206.756
2090,218104.326
2091,217994.952
2092,217879.51
2093,217758.775
2094,217633.535
2095,217504.569
2096,217372.73
2097,217238.91
2098,217104.073
2099,216969.224
2100,216835.433
2020,164689.383
2021,166474.715
2022,168302.036
2023,170152.786
2024,172000.068
2025,173823.326
2026,175616.011
2027,177380.477
2028,179115.762
2029,180823.329
2030,182503.838
2031,184155.18
2032,185774.018
2033,187358.724
2034,188907.819
2035,190420.367
2036,191895.229
2037,193332.586
2038,194734.655
2039,196104.646
2040,197445.015
2041,198756.194
2042,200037.678
2043,201289.85
2044,202512.869
2045,203706.747
2046,204871.636
2047,206007.188
2048,207112.183
2049,208184.995
2050,209224.239
2051,210229.487
2052,211200.501
2053,212136.362
2054,213036.121
2055,213899.076
2056,214725.008
2057,215513.965
2058,216265.81
2059,216980.558
2060,217658.398
2061,218299.592
2062,218904.799
2063,219475.249
2064,220012.514
2065,220518.035
2066,220992.742
2067,221437.468
2068,221853.516
2069,222242.29
2070,222605.08
2071,222942.954
2072,223256.845
2073,223547.922
2074,223817.304
2075,224066.035
2076,224295.147
2077,224505.427
2078,224697.5
2079,224871.836
2080,225028.992
2081,225169.748
2082,225295.009
2083,225405.435
2084,225501.697
2085,225584.544
2086,225654.677
2087,225713.015
2088,225760.567
2089,225798.47
2090,225827.757
2091,225849.353
2092,225864.05
2093,225872.594
2094,225875.707
2095,225874.156
2096,225868.738
2097,225860.343
2098,225849.898
2099,225838.433
2100,225826.969
2020,164689.383
2021,166669.74
2022,168612.462
2023,170515.544
2024,172377.148
2025,174195.53
2026,175969.148
2027,177696.561
2028,179376.487
2029,181007.776
2030,182589.376
2031,184120.333
2032,185599.752
2033,187026.78
2034,188400.649
2035,189720.747
2036,190986.517
2037,192197.681
2038,193354.333
2039,194456.786
2040,195505.302
2041,196499.678
2042,197439.811
2043,198326.184
2044,199159.484
2045,199940.142
2046,200668.492
2047,201344.315
2048,201966.789
2049,202534.787
2050,203047.563
2051,203505.052
2052,203907.745
2053,204256.137
2054,204550.984
2055,204792.974
2056,204982.655
2057,205120.418
2058,205206.858
2059,205242.568
2060,205228.252
2061,205164.656
2062,205052.698
2063,204893.478
2064,204688.179
2065,204437.993
2066,204143.927
2067,203806.999
2068,203428.544
2069,203009.939
2070,202552.501
2071,202057.433
2072,201525.767
2073,200958.486
2074,200356.498
2075,199720.765
2076,199052.382
2077,198352.536
2078,197622.413
2079,196863.235
2080,196076.214
2081,195262.627
2082,194423.653
2083,193560.203
2084,192673.103
2085,191763.334
2086,190832.086
2087,189880.878
2088,188911.564
2089,187926.219
2090,186926.748
2091,185914.751
2092,184891.619
2093,183858.537
2094,182816.74
2095,181767.513
2096,180712.314
2097,179652.71
2098,178590.485
2099,177527.574
2100,176466.058
2020,164689.383
2021,166261.507
2022,167781.012
2023,169245.308
2024,170652.23
2025,172000.084
2026,173287.575
2027,174513.881
2028,175678.554
2029,176781.411
2030,177822.206
2031,178800.389
2032,179714.693
2033,180563.145
2034,181343.302
2035,182053.33
2036,182692.376
2037,183260.463
2038,183757.874
2039,184185.308
2040,184543.359
2041,184831.953
2042,185051.047
2043,185201.326
2044,185283.643
2045,185298.746
2046,185247.314
2047,185129.535
2048,184945.043
2049,184693.149
2050,184373.638
2051,183987.048
2052,183534.537
2053,183017.299
2054,182436.828
2055,181794.608
2056,181091.911
2057,180330.062
2058,179510.857
2059,178636.222
2060,177708.075
2061,176728.248
2062,175698.517
2063,174620.775
2064,173496.951
2065,172329.072
2066,171119.068
2067,169869.092
2068,168581.591
2069,167259.211
2070,165904.447
2071,164519.499
2072,163106.426
2073,161667.279
2074,160204.114
2075,158718.963
2076,157213.803
2077,155690.729
2078,154152.017
2079,152599.996
2080,151036.867
2081,149464.568
2082,147884.807
2083,146299.14
2084,144709.025
2085,143115.924
2086,141521.321
2087,139926.781
2088,138334.025
2089,136744.746
2090,135160.481
2091,133582.54
2092,132012.027
2093,130449.864
2094,128896.901
2095,127353.955
2096,125821.824
2097,124301.337
2098,122793.286
2099,121298.505
2100,119817.822
2020,164689.383
2021,166360.023
2022,168018.105
2023,169658.354
2024,171275.993
2025,172866.779
2026,174427.005
2027,175953.49
2028,177443.546
2029,178894.863
2030,180305.362
2031,181672.93
2032,182995.175
2033,184269.475
2034,185493.069
2035,186663.867
2036,187780.256
2037,188841.78
2038,189849.091
2039,190803.626
2040,191706.493
2041,192557.585
2042,193356.52
2043,194103.71
2044,194799.681
2045,195444.883
2046,196039.665
2047,196584.176
2048,197078.41
2049,197522.219
2050,197915.641
2051,198259.089
2052,198553.061
2053,198797.83
2054,198993.643
2055,199140.968
2056,199240.493
2057,199293.128
2058,199299.749
2059,199261.358
2060,199179.09
2061,199054.094
2062,198887.762
2063,198681.697
2064,198437.675
2065,198157.471
2066,197842.697
2067,197495.075
2068,197116.707
2069,196709.891
2070,196276.793
2071,195819.243
2072,195338.992
2073,194838.143
2074,194318.851
2075,193783.124
2076,193232.656
2077,192669.058
2078,192093.967
2079,191508.983
2080,190915.63
2081,190315.236
2082,189709.007
2083,189098.131
2084,188483.661
2085,187866.578
2086,187247.749
2087,186627.965
2088,186007.879
2089,185388.031
2090,184768.899
2091,184150.868
2092,183534.276
2093,182919.42
2094,182306.411
2095,181695.368
2096,181086.242
2097,180478.91
2098,179873.131
2099,179268.596
2100,178664.837
2020,164689.383
2021,166681.377
2022,168799.995
2023,170995.916
2024,173197.538
2025,175350.947
2026,177439.267
2027,179471.284
2028,181449.538
2029,183384.53
2030,185283.295
2031,187142.002
2032,188952.479
2033,190713.313
2034,192423.585
2035,194082.688
2036,195689.531
2037,197243.859
2038,198747.163
2039,200201.714
2040,201609.321
2041,202970.295
2042,204284.554
2043,205552.972
2044,206776.487
2045,207955.838
2046,209091.478
2047,210183.449
2048,211231.247
2049,212234.109
2050,213191.433
2051,214103.382
2052,214970.208
2053,215791.393
2054,216566.314
2055,217294.649
2056,217976.74
2057,218613.262
2058,219204.826
2059,219752.178
2060,220256.283
2061,220718.105
2062,221138.922
2063,221520.432
2064,221864.617
2065,222173.421
2066,222448.446
2067,222691.417
2068,222904.642
2069,223090.678
2070,223251.935
2071,223390.245
2072,223507.396
2073,223605.52
2074,223686.789
2075,223753.21
2076,223806.495
2077,223848.158
2078,223879.753
2079,223902.753
2080,223918.52
2081,223928.279
2082,223933.163
2083,223934.166
2084,223932.172
2085,223927.984
2086,223922.369
2087,223915.964
2088,223909.228
2089,223902.513
2090,223896.101
2091,223890.261
2092,223885.208
2093,223881.15
2094,223878.173
2095,223876.284
2096,223875.367
2097,223875.228
2098,223875.518
2099,223875.809
2100,223875.557
2020,164689.383
2025,172399.074
2030,178993.87
2035,184374.132
2040,188416.728
2045,191142.277
2050,192567.779
2055,192648.702
2060,191442.78
2065,189049.339
2070,185610.648
2075,181281.711
2080,176198.774
2085,170506.629
2090,164351.024
2095,157924.517
2100,151393.018
2020,164689.383
2025,174025.322
2030,182569.373
2035,190151.819
2040,196612.563
2045,202273.775
2050,206890.494
2055,210295.614
2060,212709.137
2065,214480.024
2070,214657.227
2075,214331.084
2080,213218.946
2085,211349.601
2090,209029.643
2095,206483.322
2100,203526.748
2020,164689.383
2025,170769.307
2030,175523.284
2035,178622.738
2040,180135.357
2045,179890.968
2050,177879.711
2055,174382.642
2060,169376.271
2065,163622.228
2070,156506.178
2075,148390.478
2080,139554.782
2085,130479.428
2090,120955.813
2095,111379.342
2100,101689.044
2020,164689.383
2025,174869.33
2030,184302.051
2035,192813.777
2040,200456.334
2045,207247.004
2050,213437.972
2055,218666.288
2060,223359.272
2065,226957.728
2070,229402.391
2075,231297.226
2080,232021.118
2085,232985.015
2090,233131.201
2095,233603.411
2100,233432.341
2020,164689.383
2025,169893.201
2030,173505.412
2035,175521.343
2040,175781.243
2045,174160.868
2050,170964.322
2055,166206.382
2060,160166.865
2065,152802.758
2070,144483.736
2075,135430.293
2080,125813.503
2085,115436.399
2090,105149.639
2095,94769.402
2100,84051.51
